src,alt,pages_found_on,page_count
https://www.part-on.co.uk/resources/images/default-image-brand.jpg,,"[""https://www.part-on.co.uk/""]",1
https://www.part-on.co.uk/themes/id30ecommerce/resources/img/banner-fasteners.jpg,Buy Fasteners and Rivets online,"[""https://www.part-on.co.uk/""]",1
https://www.part-on.co.uk/themes/id30ecommerce/resources/img/banner-servicing.jpg,Air Tool Servicing,"[""https://www.part-on.co.uk/""]",1
https://www.part-on.co.uk/themes/id30ecommerce/resources/img/card-logos.png,Secure Payments,"[""https://www.part-on.co.uk/"", ""https://www.part-on.co.uk/product/kj60-far-rivetnut-tool/"", ""https://www.part-on.co.uk/product/gesipa-firebird-m6-mandrel-1435059/"", ""https://www.part-on.co.uk/product/series-cp17-14-male-nipple-push-in-fitting/"", ""https://www.part-on.co.uk/product/masterfix-no8qi-rivet-nut-tool/""]",5
https://www.part-on.co.uk/uploaded/public/57bc0f61c06cf0.08763036.png,,"[""https://www.part-on.co.uk/product/masterfix-no8qi-rivet-nut-tool/""]",1
https://www.part-on.co.uk/uploaded/public/57bc110e173596.64987338.png,,"[""https://www.part-on.co.uk/product/masterfix-no8qi-rivet-nut-tool/""]",1
https://www.part-on.co.uk/uploaded/public/57bc12cf274883.03338366.png,,"[""https://www.part-on.co.uk/product/masterfix-no8qi-rivet-nut-tool/""]",1
https://www.part-on.co.uk/uploaded/public/5afae0084a7e80.17963580.jpg,,"[""https://www.part-on.co.uk/product/gesipa-firebird-m6-mandrel-1435059/""]",1
https://www.part-on.co.uk/uploaded/public/5b963841402ba0.28361246.png,,"[""https://www.part-on.co.uk/product/gesipa-firebird-m6-mandrel-1435059/""]",1
https://www.part-on.co.uk/uploaded/public/5f855f8e447fd3.25974076.jpg,,"[""https://www.part-on.co.uk/product/masterfix-no8qi-rivet-nut-tool/""]",1
https://www.part-on.co.uk/uploaded/thumbnails/db_file_img_10364_153x153.jpg,"Powerful Gesipa Accubird Battery Riveter in action, demonstrating precision and efficiency in blind riveting tasks.","[""https://www.part-on.co.uk/""]",1
https://www.part-on.co.uk/uploaded/thumbnails/db_file_img_10740_153x153.jpg,,"[""https://www.part-on.co.uk/""]",1
https://www.part-on.co.uk/uploaded/thumbnails/db_file_img_10744_153x153.jpg,,"[""https://www.part-on.co.uk/""]",1
https://www.part-on.co.uk/uploaded/thumbnails/db_file_img_10990_153x153.jpg,,"[""https://www.part-on.co.uk/""]",1
https://www.part-on.co.uk/uploaded/thumbnails/db_file_img_11381_153x153.jpg,,"[""https://www.part-on.co.uk/""]",1
https://www.part-on.co.uk/uploaded/thumbnails/db_file_img_11381_391x391.jpg,,"[""https://www.part-on.co.uk/product/gesipa-firebird-m6-mandrel-1435059/""]",1
https://www.part-on.co.uk/uploaded/thumbnails/db_file_img_11381_85x85.jpg,MANDREL.jpg,"[""https://www.part-on.co.uk/product/gesipa-firebird-m6-mandrel-1435059/""]",1
https://www.part-on.co.uk/uploaded/thumbnails/db_file_img_11382_85x85.jpg,DRAWING.jpg,"[""https://www.part-on.co.uk/product/gesipa-firebird-m6-mandrel-1435059/""]",1
https://www.part-on.co.uk/uploaded/thumbnails/db_file_img_1364_153x153.jpg,"Supplied & Stocked at Part On, 0121 4397152 based in Birmingham. Specialist in Fasteners, Blind Rivets and Inserts.","[""https://www.part-on.co.uk/""]",1
https://www.part-on.co.uk/uploaded/thumbnails/db_file_img_14365_153x153.jpg,,"[""https://www.part-on.co.uk/""]",1
https://www.part-on.co.uk/uploaded/thumbnails/db_file_img_14598_799xauto.png,,"[""https://www.part-on.co.uk/""]",1
https://www.part-on.co.uk/uploaded/thumbnails/db_file_img_15018_85x85.jpg,BEST PRICE.png,"[""https://www.part-on.co.uk/product/kj60-far-rivetnut-tool/""]",1
https://www.part-on.co.uk/uploaded/thumbnails/db_file_img_15019_799xauto.png,,"[""https://www.part-on.co.uk/""]",1
https://www.part-on.co.uk/uploaded/thumbnails/db_file_img_15023_799xauto.png,,"[""https://www.part-on.co.uk/""]",1
https://www.part-on.co.uk/uploaded/thumbnails/db_file_img_15118_153x153.jpg,,"[""https://www.part-on.co.uk/""]",1
https://www.part-on.co.uk/uploaded/thumbnails/db_file_img_16437_153x153.jpg,,"[""https://www.part-on.co.uk/""]",1
https://www.part-on.co.uk/uploaded/thumbnails/db_file_img_17163_799xauto.png,,"[""https://www.part-on.co.uk/""]",1
https://www.part-on.co.uk/uploaded/thumbnails/db_file_img_17323_799xauto.png,,"[""https://www.part-on.co.uk/""]",1
https://www.part-on.co.uk/uploaded/thumbnails/db_file_img_17629_153x153.jpg,,"[""https://www.part-on.co.uk/""]",1
https://www.part-on.co.uk/uploaded/thumbnails/db_file_img_17796_153x153.jpg,,"[""https://www.part-on.co.uk/""]",1
https://www.part-on.co.uk/uploaded/thumbnails/db_file_img_18012_799xauto.png,,"[""https://www.part-on.co.uk/""]",1
https://www.part-on.co.uk/uploaded/thumbnails/db_file_img_1834_153xauto.jpg,Parker,"[""https://www.part-on.co.uk/""]",1
https://www.part-on.co.uk/uploaded/thumbnails/db_file_img_1836_153xauto.jpg,Avdel,"[""https://www.part-on.co.uk/""]",1
https://www.part-on.co.uk/uploaded/thumbnails/db_file_img_1838_153xauto.jpg,Bostitch,"[""https://www.part-on.co.uk/""]",1
https://www.part-on.co.uk/uploaded/thumbnails/db_file_img_1839_153xauto.jpg,Chicago pneumatic,"[""https://www.part-on.co.uk/""]",1
https://www.part-on.co.uk/uploaded/thumbnails/db_file_img_1840_153xauto.jpg,Desoutter,"[""https://www.part-on.co.uk/""]",1
https://www.part-on.co.uk/uploaded/thumbnails/db_file_img_1841_153xauto.jpg,Draper,"[""https://www.part-on.co.uk/""]",1
https://www.part-on.co.uk/uploaded/thumbnails/db_file_img_1842_153xauto.jpg,FAR RIVET AND RIVETNUT TOOLS,"[""https://www.part-on.co.uk/""]",1
https://www.part-on.co.uk/uploaded/thumbnails/db_file_img_1844_153xauto.jpg,Lobster,"[""https://www.part-on.co.uk/""]",1
https://www.part-on.co.uk/uploaded/thumbnails/db_file_img_1845_153xauto.jpg,Masterfix,"[""https://www.part-on.co.uk/""]",1
https://www.part-on.co.uk/uploaded/thumbnails/db_file_img_1846_153xauto.jpg,Part-on,"[""https://www.part-on.co.uk/""]",1
https://www.part-on.co.uk/uploaded/thumbnails/db_file_img_1849_153xauto.jpg,Universal Air Tools,"[""https://www.part-on.co.uk/""]",1
https://www.part-on.co.uk/uploaded/thumbnails/db_file_img_18615_799xauto.png,,"[""https://www.part-on.co.uk/""]",1
https://www.part-on.co.uk/uploaded/thumbnails/db_file_img_20076_799xauto.png,,"[""https://www.part-on.co.uk/""]",1
https://www.part-on.co.uk/uploaded/thumbnails/db_file_img_2018_1003xauto.png,,"[""https://www.part-on.co.uk/""]",1
https://www.part-on.co.uk/uploaded/thumbnails/db_file_img_20675_153x153.jpg,,"[""https://www.part-on.co.uk/""]",1
https://www.part-on.co.uk/uploaded/thumbnails/db_file_img_20727_153x153.jpg,,"[""https://www.part-on.co.uk/""]",1
https://www.part-on.co.uk/uploaded/thumbnails/db_file_img_21009_799xauto.png,,"[""https://www.part-on.co.uk/""]",1
https://www.part-on.co.uk/uploaded/thumbnails/db_file_img_2108_153x153.jpg,,"[""https://www.part-on.co.uk/product/kj60-far-rivetnut-tool/""]",1
https://www.part-on.co.uk/uploaded/thumbnails/db_file_img_21105_799xauto.png,,"[""https://www.part-on.co.uk/""]",1
https://www.part-on.co.uk/uploaded/thumbnails/db_file_img_2113_153x153.jpg,,"[""https://www.part-on.co.uk/"", ""https://www.part-on.co.uk/product/kj60-far-rivetnut-tool/""]",2
https://www.part-on.co.uk/uploaded/thumbnails/db_file_img_2118_153x153.jpg,,"[""https://www.part-on.co.uk/product/kj60-far-rivetnut-tool/""]",1
https://www.part-on.co.uk/uploaded/thumbnails/db_file_img_21199_799xauto.png,,"[""https://www.part-on.co.uk/""]",1
https://www.part-on.co.uk/uploaded/thumbnails/db_file_img_2123_153x153.jpg,,"[""https://www.part-on.co.uk/"", ""https://www.part-on.co.uk/product/kj60-far-rivetnut-tool/""]",2
https://www.part-on.co.uk/uploaded/thumbnails/db_file_img_2133_153x153.jpg,,"[""https://www.part-on.co.uk/product/kj60-far-rivetnut-tool/""]",1
https://www.part-on.co.uk/uploaded/thumbnails/db_file_img_2134_153x153.jpg,,"[""https://www.part-on.co.uk/product/kj60-far-rivetnut-tool/""]",1
https://www.part-on.co.uk/uploaded/thumbnails/db_file_img_2135_153x153.jpg,,"[""https://www.part-on.co.uk/product/kj60-far-rivetnut-tool/""]",1
https://www.part-on.co.uk/uploaded/thumbnails/db_file_img_2136_153x153.jpg,,"[""https://www.part-on.co.uk/product/kj60-far-rivetnut-tool/""]",1
https://www.part-on.co.uk/uploaded/thumbnails/db_file_img_2137_153x153.jpg,,"[""https://www.part-on.co.uk/product/kj60-far-rivetnut-tool/""]",1
https://www.part-on.co.uk/uploaded/thumbnails/db_file_img_2180_153x153.jpg,,"[""https://www.part-on.co.uk/""]",1
https://www.part-on.co.uk/uploaded/thumbnails/db_file_img_22001_153xauto.jpg,Bosch,"[""https://www.part-on.co.uk/""]",1
https://www.part-on.co.uk/uploaded/thumbnails/db_file_img_22002_799xauto.png,,"[""https://www.part-on.co.uk/""]",1
https://www.part-on.co.uk/uploaded/thumbnails/db_file_img_2201_153x153.jpg,,"[""https://www.part-on.co.uk/"", ""https://www.part-on.co.uk/product/masterfix-no8qi-rivet-nut-tool/""]",2
https://www.part-on.co.uk/uploaded/thumbnails/db_file_img_2201_391x391.jpg,,"[""https://www.part-on.co.uk/product/kj60-far-rivetnut-tool/""]",1
https://www.part-on.co.uk/uploaded/thumbnails/db_file_img_2201_85x85.jpg,Kj60.jpg,"[""https://www.part-on.co.uk/product/kj60-far-rivetnut-tool/""]",1
https://www.part-on.co.uk/uploaded/thumbnails/db_file_img_2202_85x85.jpg,TOOL BOX.jpg,"[""https://www.part-on.co.uk/product/kj60-far-rivetnut-tool/""]",1
https://www.part-on.co.uk/uploaded/thumbnails/db_file_img_22051_153x153.jpg,,"[""https://www.part-on.co.uk/""]",1
https://www.part-on.co.uk/uploaded/thumbnails/db_file_img_2205_153x153.jpg,,"[""https://www.part-on.co.uk/""]",1
https://www.part-on.co.uk/uploaded/thumbnails/db_file_img_22078_799xauto.png,,"[""https://www.part-on.co.uk/""]",1
https://www.part-on.co.uk/uploaded/thumbnails/db_file_img_22107_153x153.jpg,,"[""https://www.part-on.co.uk/product/kj60-far-rivetnut-tool/""]",1
https://www.part-on.co.uk/uploaded/thumbnails/db_file_img_22279_799xauto.png,,"[""https://www.part-on.co.uk/""]",1
https://www.part-on.co.uk/uploaded/thumbnails/db_file_img_2255_153x153.jpg,,"[""https://www.part-on.co.uk/product/kj60-far-rivetnut-tool/""]",1
https://www.part-on.co.uk/uploaded/thumbnails/db_file_img_2261_153x153.jpg,,"[""https://www.part-on.co.uk/product/kj60-far-rivetnut-tool/""]",1
https://www.part-on.co.uk/uploaded/thumbnails/db_file_img_2266_153x153.jpg,,"[""https://www.part-on.co.uk/product/kj60-far-rivetnut-tool/""]",1
https://www.part-on.co.uk/uploaded/thumbnails/db_file_img_2271_153x153.jpg,,"[""https://www.part-on.co.uk/product/kj60-far-rivetnut-tool/""]",1
https://www.part-on.co.uk/uploaded/thumbnails/db_file_img_2277_153x153.jpg,,"[""https://www.part-on.co.uk/product/kj60-far-rivetnut-tool/""]",1
https://www.part-on.co.uk/uploaded/thumbnails/db_file_img_2282_153x153.jpg,,"[""https://www.part-on.co.uk/product/kj60-far-rivetnut-tool/""]",1
https://www.part-on.co.uk/uploaded/thumbnails/db_file_img_4124_153x153.jpg,,"[""https://www.part-on.co.uk/product/masterfix-no8qi-rivet-nut-tool/""]",1
https://www.part-on.co.uk/uploaded/thumbnails/db_file_img_4125_153x153.jpg,,"[""https://www.part-on.co.uk/product/masterfix-no8qi-rivet-nut-tool/""]",1
https://www.part-on.co.uk/uploaded/thumbnails/db_file_img_4126_153x153.jpg,,"[""https://www.part-on.co.uk/product/masterfix-no8qi-rivet-nut-tool/""]",1
https://www.part-on.co.uk/uploaded/thumbnails/db_file_img_4132_153xauto.jpg,GESIPA,"[""https://www.part-on.co.uk/""]",1
https://www.part-on.co.uk/uploaded/thumbnails/db_file_img_4227_153xauto.jpg,POP,"[""https://www.part-on.co.uk/""]",1
https://www.part-on.co.uk/uploaded/thumbnails/db_file_img_4258_153xauto.jpg,Bollhoff,"[""https://www.part-on.co.uk/""]",1
https://www.part-on.co.uk/uploaded/thumbnails/db_file_img_4612_153xauto.jpg,SIP,"[""https://www.part-on.co.uk/""]",1
https://www.part-on.co.uk/uploaded/thumbnails/db_file_img_5563_153x153.jpg,,"[""https://www.part-on.co.uk/""]",1
https://www.part-on.co.uk/uploaded/thumbnails/db_file_img_5563_391x391.jpg,,"[""https://www.part-on.co.uk/product/series-cp17-14-male-nipple-push-in-fitting/""]",1
https://www.part-on.co.uk/uploaded/thumbnails/db_file_img_5712_153xauto.jpg,Bosch Power Tools,"[""https://www.part-on.co.uk/""]",1
https://www.part-on.co.uk/uploaded/thumbnails/db_file_img_5898_85x85.jpg,kj60 new.png,"[""https://www.part-on.co.uk/product/kj60-far-rivetnut-tool/""]",1
https://www.part-on.co.uk/uploaded/thumbnails/db_file_img_647_85x85.jpg,"Supplied, Stocked & Serviced at Part On, 0121 4397152 based in Birmingham. Specialist in Tools, Fasteners and Aluminium Profiling.","[""https://www.part-on.co.uk/product/kj60-far-rivetnut-tool/""]",1
https://www.part-on.co.uk/uploaded/thumbnails/db_file_img_6493_153xauto.jpg,Sealey,"[""https://www.part-on.co.uk/""]",1
https://www.part-on.co.uk/uploaded/thumbnails/db_file_img_7458_323x323.jpg,Rivet Tools,"[""https://www.part-on.co.uk/""]",1
https://www.part-on.co.uk/uploaded/thumbnails/db_file_img_7461_323x323.jpg,Pneumatics,"[""https://www.part-on.co.uk/""]",1
https://www.part-on.co.uk/uploaded/thumbnails/db_file_img_7467_323x323.jpg,Air Tools,"[""https://www.part-on.co.uk/""]",1
https://www.part-on.co.uk/uploaded/thumbnails/db_file_img_7503_323x323.jpg,Offers,"[""https://www.part-on.co.uk/""]",1
https://www.part-on.co.uk/uploaded/thumbnails/db_file_img_7924_153x153.jpg,,"[""https://www.part-on.co.uk/product/masterfix-no8qi-rivet-nut-tool/""]",1
https://www.part-on.co.uk/uploaded/thumbnails/db_file_img_7925_153x153.jpg,,"[""https://www.part-on.co.uk/product/masterfix-no8qi-rivet-nut-tool/""]",1
https://www.part-on.co.uk/uploaded/thumbnails/db_file_img_8116_153x153.jpg,,"[""https://www.part-on.co.uk/""]",1
https://www.part-on.co.uk/uploaded/thumbnails/db_file_img_8137_85x85.jpg,masterfix n08qi.jpg,"[""https://www.part-on.co.uk/product/masterfix-no8qi-rivet-nut-tool/""]",1
https://www.part-on.co.uk/uploaded/thumbnails/db_file_img_8139_153x153.jpg,,"[""https://www.part-on.co.uk/product/kj60-far-rivetnut-tool/""]",1
https://www.part-on.co.uk/uploaded/thumbnails/db_file_img_8139_391x391.jpg,,"[""https://www.part-on.co.uk/product/masterfix-no8qi-rivet-nut-tool/""]",1
https://www.part-on.co.uk/uploaded/thumbnails/db_file_img_8139_85x85.jpg,masterfix n08qi 2.jpg,"[""https://www.part-on.co.uk/product/masterfix-no8qi-rivet-nut-tool/""]",1
https://www.part-on.co.uk/uploaded/thumbnails/db_file_img_8143_85x85.jpg,MASTERFIX BACK.jpg,"[""https://www.part-on.co.uk/product/masterfix-no8qi-rivet-nut-tool/""]",1
https://www.part-on.co.uk/uploaded/thumbnails/db_file_img_8146_153x153.jpg,,"[""https://www.part-on.co.uk/product/masterfix-no8qi-rivet-nut-tool/""]",1
https://www.part-on.co.uk/uploaded/thumbnails/db_file_img_9699_153x153.jpg,,"[""https://www.part-on.co.uk/""]",1
